INSERT INTO public.nutritional_index (id, version, index_value, legend) VALUES
                                                                            ('b54c64ee-ad45-479c-abf5-7b44b67ce7e9', 0, NULL, NULL),
                                                                            ('1c918aa0-42cb-48ec-9211-06b47c28b2c4', 0, 3, 'Wysoka zawartość białka'),
                                                                            ('1db5d93e-a054-45ea-8353-fb2b514e24fe', 0, 3, 'Wysoka zawartość wapnia'),
                                                                            ('ca1612b3-5a88-4153-a0fd-79519af23404', 0, 1, 'Źródło błonnika'),
                                                                            ('c4effca0-4f1b-4766-b737-448dc9d74540', 0, 2, 'Wysoka zawartość potasu'),
                                                                            ('3bdf60e2-869d-4f36-8416-5b6fe6315027', 0, 2, 'Wysoka zawartość magnezu'),
                                                                            ('25ec76ec-88e3-49e7-b637-f05829ae0a6b', 0, 3, 'Wysoka zawartość witaminy C'),
                                                                            ('ee2be632-a930-44d6-8b5b-da96f6995b15', 0, 1, 'Niska zawartość soli/sodu'),
                                                                            ('d8e9988b-0bf4-4694-a525-c556f7312e69', 0, 1, 'Źródło witaminy C'),
                                                                            ('7587db0f-f70f-4ae5-bfd9-8f1d4b6d7521', 0, 1, NULL),
                                                                            ('ddcf2c7b-7c2a-4efe-96ff-4a778760fb24', 0, 1, 'Źródło wapnia'),
                                                                            ('1608eb78-468c-4284-a539-2cb1e9d729f3', 0, 0, NULL),
                                                                            ('6aa783f6-2169-4eb9-a589-d06996349b17', 0, 1, 'Źródło białka'),
                                                                            ('751a7d23-46fa-44ca-8dd5-7c28e2f17f58', 0, 1, 'Niska lub zmniejszona wartość energetyczna'),
                                                                            ('3f8244ab-ac26-4c65-aac9-9af02890d630', 0, 1, 'Niska zawartość tłuszczu'),
                                                                            ('85cc37dc-5a52-4f68-8e5b-3228c104e811', 0, 2, 'Nie zawiera tłuszczów nasyconych'),
                                                                            ('becbd2fe-91c2-4316-9f13-6390c7f832a7', 0, 2, 'Wysoka zawartość błonnika pokarmowego'),
                                                                            ('81ad7c58-9928-41fc-89de-54b72360b9c7', 0, 1, 'Niska zawartość tłuszczów nasyconych'),
                                                                            ('d48630c2-bac0-4c48-8dd5-8d6e76b50e55', 0, 1, 'Niska zawartość cukrów'),
                                                                            ('12fb1ff3-4ef3-4ee1-876a-1d92ccaa340e', 0, 1, 'Bez dodatku cukrów'),
                                                                            ('15313f89-1442-4c54-ade4-b6f78273570b', 0, 2, 'Wysoka zawartość białka'),
                                                                            ('56809f6d-e9fd-4c9d-8cb2-34575dff6a3d', 0, 3, 'Wysoka zawartość błonnika pokarmowego'),
                                                                            ('e503fabb-55ec-4f3b-a837-f512caafe84f', 0, 1, 'Wysoka zawartość tłuszczów nienasyconych'),
                                                                            ('0b04fabe-c609-4f06-b6a9-06e15889cf2f', 0, 2, 'Wysoka zawartość witaminy C'),
                                                                            ('c72c33e0-aa7f-494f-9dd3-8645b339eb44', 0, 1, 'Źródło potasu'),
                                                                            ('b76a0cc6-17ed-4c8b-9fb5-7ecc241488b3', 0, 2, 'Wysoka zawartość witaminy B12'),
                                                                            ('2d3bf6f0-cd34-4221-8562-3374bf012552', 0, 2, 'Wysoka zawartość wapnia'),
                                                                            ('9887eaa6-352a-419a-9b73-32faf45bb80a', 0, 2, 'Wysoka zawartość fosforu'),
                                                                            ('ca1dfa31-dd24-4b84-a81a-e55b251d424b', 0, 1, 'Źródło witaminy B12'),
                                                                            ('d916d4ee-1cfa-461e-a0ee-ec53ea0fe083', 0, 1, 'Zawiera żywe kultury jogurtowe'),
                                                                            ('117878e3-e305-42ab-977c-9e78ccf03d26', 0, 2, 'Wysoka zawartość tłuszczów wielonienasyconych'),
                                                                            ('70b4d605-530a-4016-bad1-5ad33dd1b5bb', 0, 1, 'Źródło witaminy A'),
                                                                            ('88607cc7-1350-4225-a49c-4e970bdccca1', 0, 3, 'Nie zawiera soli/sodu'),
                                                                            ('89224de3-ca85-4d59-88a9-cee64dbdf2b7', 0, 3, 'Wysoka zawartość potasu'),
                                                                            ('4ced831e-ea1a-4933-8c12-d36719413462', 0, 3, 'Wysoka zawartość fosforu'),
                                                                            ('ac328993-2a5d-4949-912e-cf669c5ffca1', 0, NULL, 'wysoka zawartość wapnia'),
                                                                            ('5740d50e-9502-473c-a7ad-ca461aa1b01f', 0, NULL, 'wysoka zawartość białka'),
                                                                            ('35c1aa36-9e84-4900-860d-60fde1b64c80', 0, 2, 'Nie zawiera tłuszczu'),
                                                                            ('0ac2a42d-01df-451b-91ba-a43665a9e2bb', 0, 1, 'Źródło fosforu'),
                                                                            ('945bd8eb-e6a6-4c30-bf7c-e8e7d228fec6', 0, 0, NULL);
-----------------------------------------------------------------------------------------------------------------------------------------------------



INSERT INTO public.product_rating (product_id, ratings_id) VALUES
                                                               ('38607015-fe46-4a66-93f9-b8cb9fe6154e', '88a825fc-3bc0-4303-b521-50c440d2f5b4'),
                                                               ('0297c4e4-0b28-4b42-8143-d37bf3e4b425', '0dc8baf1-a4ea-40d2-a116-30b749de3616'),
                                                               ('0297c4e4-0b28-4b42-8143-d37bf3e4b425', 'c0f48804-bb95-453c-a112-d51b9e09ab9b'),
                                                               ('0297c4e4-0b28-4b42-8143-d37bf3e4b425', 'a279da22-6788-47cf-a57f-5b79efa9b4b7'),
                                                               ('0297c4e4-0b28-4b42-8143-d37bf3e4b425', '3f3a3f5f-ee23-41bb-896d-92e8bc5693bc'),
                                                               ('1b730c45-9e70-4693-918d-6cb2ec5e0970', 'f3c7409b-9976-49e6-b8d8-894fadda5cad'),
                                                               ('1b730c45-9e70-4693-918d-6cb2ec5e0970', '0dc8baf1-a4ea-40d2-a116-30b749de3616'),
                                                               ('1b730c45-9e70-4693-918d-6cb2ec5e0970', '424f7046-71ac-4833-ae75-a9afbc41bdd9'),
                                                               ('1b730c45-9e70-4693-918d-6cb2ec5e0970', 'ef1e7527-c276-4b22-8606-4f098feac60c'),
                                                               ('1b730c45-9e70-4693-918d-6cb2ec5e0970', '9f015909-c04c-48a7-b51e-a25868becceb'),
                                                               ('1b730c45-9e70-4693-918d-6cb2ec5e0970', '7961b1d7-77a3-4732-9df0-1edefa6841ba'),
                                                               ('1b730c45-9e70-4693-918d-6cb2ec5e0970', '9423d607-f023-4c78-9556-ab7b1dfbcc1d'),
                                                               ('858d2ffe-90ba-4095-b102-2824a7ea03af', '88a825fc-3bc0-4303-b521-50c440d2f5b4'),
                                                               ('858d2ffe-90ba-4095-b102-2824a7ea03af', '08a7902d-3744-4847-af4a-109429d94a9f'),
                                                               ('94aa71a0-5147-4ede-a62d-330105938688', '88a825fc-3bc0-4303-b521-50c440d2f5b4'),
                                                               ('94aa71a0-5147-4ede-a62d-330105938688', '9423d607-f023-4c78-9556-ab7b1dfbcc1d'),
                                                               ('c15906da-1010-480f-87cc-45461e22a76c', '0dc8baf1-a4ea-40d2-a116-30b749de3616'),
                                                               ('c15906da-1010-480f-87cc-45461e22a76c', '424f7046-71ac-4833-ae75-a9afbc41bdd9'),
                                                               ('c15906da-1010-480f-87cc-45461e22a76c', '9423d607-f023-4c78-9556-ab7b1dfbcc1d'),
                                                               ('4dc9c60a-261c-4b6d-ba88-121e9bed9f5c', 'd8e9cdfc-9d2a-4f54-b190-1c4f3c5688b9'),
                                                               ('4dc9c60a-261c-4b6d-ba88-121e9bed9f5c', '88a825fc-3bc0-4303-b521-50c440d2f5b4'),
                                                               ('4dc9c60a-261c-4b6d-ba88-121e9bed9f5c', '9423d607-f023-4c78-9556-ab7b1dfbcc1d'),
                                                               ('f29139a8-3b6f-4094-9426-7d562541dd38', '88a825fc-3bc0-4303-b521-50c440d2f5b4'),
                                                               ('3b1b0c48-b79f-4119-bbd4-19f37fc7d69f', '88a825fc-3bc0-4303-b521-50c440d2f5b4'),
                                                               ('3b1b0c48-b79f-4119-bbd4-19f37fc7d69f', '9423d607-f023-4c78-9556-ab7b1dfbcc1d'),
                                                               ('6c81be59-6d6f-407c-a684-a928d00980f1', '88a825fc-3bc0-4303-b521-50c440d2f5b4'),
                                                               ('6c81be59-6d6f-407c-a684-a928d00980f1', '9423d607-f023-4c78-9556-ab7b1dfbcc1d'),
                                                               ('33ef722b-b668-4724-8d75-4c82b0e36440', '88a825fc-3bc0-4303-b521-50c440d2f5b4'),
                                                               ('33ef722b-b668-4724-8d75-4c82b0e36440', '9423d607-f023-4c78-9556-ab7b1dfbcc1d'),
                                                               ('3d32db0b-ba48-4d40-a68a-afe603e7b436', 'c0f48804-bb95-453c-a112-d51b9e09ab9b'),
                                                               ('3d32db0b-ba48-4d40-a68a-afe603e7b436', '8fad24e3-0bec-4caa-b188-a082bb018edf'),
                                                               ('3d32db0b-ba48-4d40-a68a-afe603e7b436', 'e51c4981-d526-4079-b30e-8a8d2cf52dd7'),
                                                               ('3d32db0b-ba48-4d40-a68a-afe603e7b436', '62a2811d-bf45-4391-840a-7ea8a5f51b0d'),
                                                               ('3d32db0b-ba48-4d40-a68a-afe603e7b436', '88a825fc-3bc0-4303-b521-50c440d2f5b4'),
                                                               ('9b0c192a-ac96-4888-9e1d-da94bd3a655c', 'c0f48804-bb95-453c-a112-d51b9e09ab9b'),
                                                               ('9b0c192a-ac96-4888-9e1d-da94bd3a655c', '8fad24e3-0bec-4caa-b188-a082bb018edf'),
                                                               ('9b0c192a-ac96-4888-9e1d-da94bd3a655c', 'e51c4981-d526-4079-b30e-8a8d2cf52dd7'),
                                                               ('9b0c192a-ac96-4888-9e1d-da94bd3a655c', '62a2811d-bf45-4391-840a-7ea8a5f51b0d'),
                                                               ('9b0c192a-ac96-4888-9e1d-da94bd3a655c', '88a825fc-3bc0-4303-b521-50c440d2f5b4'),
                                                               ('f8cfc3fb-56e6-49f3-9776-ae03e4f30072', 'c0f48804-bb95-453c-a112-d51b9e09ab9b'),
                                                               ('f8cfc3fb-56e6-49f3-9776-ae03e4f30072', '8fad24e3-0bec-4caa-b188-a082bb018edf'),
                                                               ('f8cfc3fb-56e6-49f3-9776-ae03e4f30072', 'e51c4981-d526-4079-b30e-8a8d2cf52dd7'),
                                                               ('f8cfc3fb-56e6-49f3-9776-ae03e4f30072', '62a2811d-bf45-4391-840a-7ea8a5f51b0d'),
                                                               ('be02c2be-f42a-43ef-ab7c-0d4bd46b5c64', 'c0f48804-bb95-453c-a112-d51b9e09ab9b'),
                                                               ('be02c2be-f42a-43ef-ab7c-0d4bd46b5c64', '8fad24e3-0bec-4caa-b188-a082bb018edf'),
                                                               ('be02c2be-f42a-43ef-ab7c-0d4bd46b5c64', 'e51c4981-d526-4079-b30e-8a8d2cf52dd7'),
                                                               ('be02c2be-f42a-43ef-ab7c-0d4bd46b5c64', '62a2811d-bf45-4391-840a-7ea8a5f51b0d'),
                                                               ('66f5d699-7e43-4512-ba82-8473308cf474', 'c0f48804-bb95-453c-a112-d51b9e09ab9b'),
                                                               ('66f5d699-7e43-4512-ba82-8473308cf474', 'e51c4981-d526-4079-b30e-8a8d2cf52dd7'),
                                                               ('66f5d699-7e43-4512-ba82-8473308cf474', '62a2811d-bf45-4391-840a-7ea8a5f51b0d'),
                                                               ('eaf088b0-8eb2-43bf-8116-53b6c04950bd', '0dc8baf1-a4ea-40d2-a116-30b749de3616'),
                                                               ('eaf088b0-8eb2-43bf-8116-53b6c04950bd', 'c0f48804-bb95-453c-a112-d51b9e09ab9b'),
                                                               ('4936f359-e24b-4275-b0e9-6359000979d3', '2eeb2ec7-8ed0-4487-9a2f-0054f78f53f1'),
                                                               ('4936f359-e24b-4275-b0e9-6359000979d3', '0dc8baf1-a4ea-40d2-a116-30b749de3616'),
                                                               ('4936f359-e24b-4275-b0e9-6359000979d3', '679c7a77-aeab-45fc-b2fa-fa491b08f1f7'),
                                                               ('4936f359-e24b-4275-b0e9-6359000979d3', '9423d607-f023-4c78-9556-ab7b1dfbcc1d'),
                                                               ('292ba673-0e72-4ed5-88f3-9aef18045507', '2eeb2ec7-8ed0-4487-9a2f-0054f78f53f1'),
                                                               ('292ba673-0e72-4ed5-88f3-9aef18045507', '0dc8baf1-a4ea-40d2-a116-30b749de3616'),
('292ba673-0e72-4ed5-88f3-9aef18045507', '679c7a77-aeab-45fc-b2fa-fa491b08f1f7'),
('292ba673-0e72-4ed5-88f3-9aef18045507', '9423d607-f023-4c78-9556-ab7b1dfbcc1d'),
('c5258b6b-dc60-45d0-9fbe-697266ba927b', '0dc8baf1-a4ea-40d2-a116-30b749de3616'),
('c5258b6b-dc60-45d0-9fbe-697266ba927b', '9423d607-f023-4c78-9556-ab7b1dfbcc1d'),
('e9ed9ffa-9795-40b5-b64b-9e0fe300d1cc', '0dc8baf1-a4ea-40d2-a116-30b749de3616'),
('e9ed9ffa-9795-40b5-b64b-9e0fe300d1cc', '679c7a77-aeab-45fc-b2fa-fa491b08f1f7'),
('e9ed9ffa-9795-40b5-b64b-9e0fe300d1cc', '9423d607-f023-4c78-9556-ab7b1dfbcc1d'),
('b30371cd-e9d8-4aa9-94e6-9cbfaa12cc93', '0dc8baf1-a4ea-40d2-a116-30b749de3616'),
('b30371cd-e9d8-4aa9-94e6-9cbfaa12cc93', '679c7a77-aeab-45fc-b2fa-fa491b08f1f7'),
('b30371cd-e9d8-4aa9-94e6-9cbfaa12cc93', '9423d607-f023-4c78-9556-ab7b1dfbcc1d'),
('7f4c20a2-05c4-4a01-93ea-70d0b08605ef', 'c0f48804-bb95-453c-a112-d51b9e09ab9b'),
('7f4c20a2-05c4-4a01-93ea-70d0b08605ef', '08a7902d-3744-4847-af4a-109429d94a9f'),
('d10b52f7-24fa-4b50-86eb-5cdea428f0fb', '88a825fc-3bc0-4303-b521-50c440d2f5b4'),
('d10b52f7-24fa-4b50-86eb-5cdea428f0fb', '9423d607-f023-4c78-9556-ab7b1dfbcc1d'),
('4f4a31c0-5300-454c-947b-5f0485c09bc4', '88a825fc-3bc0-4303-b521-50c440d2f5b4'),
('4f4a31c0-5300-454c-947b-5f0485c09bc4', '9423d607-f023-4c78-9556-ab7b1dfbcc1d'),
('cca290ad-1381-4733-a2c1-5b4b702c54cb', '3eb81126-9fe0-4790-8fe4-757a8b262959'),
('cca290ad-1381-4733-a2c1-5b4b702c54cb', '88a825fc-3bc0-4303-b521-50c440d2f5b4'),
('cca290ad-1381-4733-a2c1-5b4b702c54cb', 'd6e809ac-e3e6-4589-829c-344fd3b81dc1'),
('cca290ad-1381-4733-a2c1-5b4b702c54cb', '9423d607-f023-4c78-9556-ab7b1dfbcc1d'),
('0a9aa19a-393b-4762-bab4-59480afdeeeb', '3eb81126-9fe0-4790-8fe4-757a8b262959'),
('0a9aa19a-393b-4762-bab4-59480afdeeeb', '88a825fc-3bc0-4303-b521-50c440d2f5b4'),
('0a9aa19a-393b-4762-bab4-59480afdeeeb', 'd6e809ac-e3e6-4589-829c-344fd3b81dc1'),
('0a9aa19a-393b-4762-bab4-59480afdeeeb', '9423d607-f023-4c78-9556-ab7b1dfbcc1d'),
('a34eb520-a5e2-41b6-b92d-4e58fb63c4dc', '0dc8baf1-a4ea-40d2-a116-30b749de3616'),
('a34eb520-a5e2-41b6-b92d-4e58fb63c4dc', '3f3a3f5f-ee23-41bb-896d-92e8bc5693bc'),
('7961ec3a-bca0-4a70-8621-68fdd27b0649', '3eb81126-9fe0-4790-8fe4-757a8b262959'),
('7961ec3a-bca0-4a70-8621-68fdd27b0649', '88a825fc-3bc0-4303-b521-50c440d2f5b4'),
('7961ec3a-bca0-4a70-8621-68fdd27b0649', 'd6e809ac-e3e6-4589-829c-344fd3b81dc1'),
('7961ec3a-bca0-4a70-8621-68fdd27b0649', '9423d607-f023-4c78-9556-ab7b1dfbcc1d'),
('7edc5259-79b7-4526-8d2b-0924ec495df2', '3eb81126-9fe0-4790-8fe4-757a8b262959'),
('7edc5259-79b7-4526-8d2b-0924ec495df2', '88a825fc-3bc0-4303-b521-50c440d2f5b4'),
('7edc5259-79b7-4526-8d2b-0924ec495df2', 'd6e809ac-e3e6-4589-829c-344fd3b81dc1'),
('7edc5259-79b7-4526-8d2b-0924ec495df2', '9423d607-f023-4c78-9556-ab7b1dfbcc1d'),
('ae0ba335-9472-4ef8-aeaf-dbd3293c7608', '43617bb8-9ef7-4939-9fc6-b95058179def'),
('ae0ba335-9472-4ef8-aeaf-dbd3293c7608', '88a825fc-3bc0-4303-b521-50c440d2f5b4'),
('5338e68e-089b-444d-8009-35592f84682f', '88a825fc-3bc0-4303-b521-50c440d2f5b4'),
('d21fa160-3ad0-47f9-8cdc-5fd853b2941a', '0dc8baf1-a4ea-40d2-a116-30b749de3616'),
('d21fa160-3ad0-47f9-8cdc-5fd853b2941a', 'e51c4981-d526-4079-b30e-8a8d2cf52dd7'),
('d21fa160-3ad0-47f9-8cdc-5fd853b2941a', '9423d607-f023-4c78-9556-ab7b1dfbcc1d'),
                                                               ('ef5a151e-75e8-4b3b-9dd1-1cb0af9b55c0', 'c0f48804-bb95-453c-a112-d51b9e09ab9b'),
                                                               ('ef5a151e-75e8-4b3b-9dd1-1cb0af9b55c0', '8e0c27ec-fbc6-473e-ae88-2f2c78b5c745'),
                                                               ('ef5a151e-75e8-4b3b-9dd1-1cb0af9b55c0', 'd6e809ac-e3e6-4589-829c-344fd3b81dc1'),
                                                               ('ef5a151e-75e8-4b3b-9dd1-1cb0af9b55c0', '9423d607-f023-4c78-9556-ab7b1dfbcc1d');



INSERT INTO public.rating (id, version, group_name, name) VALUES
                                                              ('3f3a3f5f-ee23-41bb-896d-92e8bc5693bc', 0, 'Parametry bez składników', 'Bez laktozy'),
                                                              ('0dc8baf1-a4ea-40d2-a116-30b749de3616', 0, 'Bez dodatków do żywności', 'bez konserwantów'),
                                                              ('a279da22-6788-47cf-a57f-5b79efa9b4b7', 0, 'Alergeny (może zawierać)', 'mleko i produkty pochodne'),
                                                              ('c0f48804-bb95-453c-a112-d51b9e09ab9b', 0, 'Zastosowane procesy technologiczne', 'pasteryzowanie'),
                                                              ('9423d607-f023-4c78-9556-ab7b1dfbcc1d', 0, 'Parametry bez składników', 'Bez dodatku cukru'),
                                                              ('424f7046-71ac-4833-ae75-a9afbc41bdd9', 0, 'Bez dodatków do żywności', 'bez barwników'),
                                                              ('9f015909-c04c-48a7-b51e-a25868becceb', 0, 'Alegreny (może zawierać)', 'orzeszki ziemne (arachidowe)'),
                                                              ('ef1e7527-c276-4b22-8606-4f098feac60c', 0, 'Alegreny (może zawierać)', 'orzechy z drzew orzechowych'),
                                                              ('7961b1d7-77a3-4732-9df0-1edefa6841ba', 0, 'Alegreny (może zawierać)', 'sezam i produkty pochodne'),
                                                              ('f3c7409b-9976-49e6-b8d8-894fadda5cad', 0, 'Alegreny (może zawierać)', 'siarczyny'),
                                                              ('08a7902d-374f-4847-af4a-109429d94a9f', 0, 'Posiadane Certyfikaty', 'System „Jakość Tradycja”'),
                                                              ('88a825fc-3bc0-4303-b521-50c440d2f5b4', 0, 'Zastosowane procesy technologiczne', 'produkt naturalny'),
                                                              ('d8e9cdfc-9d2a-4f54-b190-1c4f3c5688b9', 0, 'Zastosowane procesy technologiczne', 'fermentacja'),
                                                              ('2595ea88-9b08-4e92-b3a6-4471e2fc5561', 0, 'Posiadane Certyfikaty', 'Produkcja ekologiczna'),
                                                              ('3eb81126-9fe0-4790-8fe4-757a8b262959', 0, 'Posiadane Certyfikaty', 'Bez GMO'),
                                                              ('4c4d52f8-a485-4ce8-9694-d21e8f29e636', 0, 'Posiadane Certyfikaty', 'Integrowana Produkcja Roślin (IP)'),
                                                              ('c44706cd-04b1-444e-a5a6-6b27fd3b85d7', 0, 'Posiadane Certyfikaty', 'Chronione Oznaczenie Geograficzne'),
                                                              ('81120d80-b2d6-4429-8248-77d22bf377c0', 0, 'Posiadane Certyfikaty', 'Chroniona Nazwa Pochodzenia'),
                                                              ('08b94314-7dd7-4a04-85a6-fbee6d0c5cdb', 0, 'Posiadane Certyfikaty', 'Gwarantowana Tradycyjna Specjalność'),
                                                              ('5bcd95ef-87fb-4d9a-93e6-51308eb44f91', 0, 'Posiadane Certyfikaty', 'QAFP System gwarantowanej jakości żywności'),
                                                              ('1a3fdbf1-41b7-44ac-ba06-fa1b609b5ead', 0, 'Posiadane Certyfikaty', 'QMP System gwarantowania jakości mięsa wołowego'),
                                                              ('679c7a77-aeab-45fc-b2fa-fa491b08f1f7', 0, 'Posiadane Certyfikaty', 'V-Label (żywność wegańska i wegetariańska)'),
                                                              ('83507482-0400-44aa-ab41-c1287e045982', 0, 'Posiadane Certyfikaty', 'Pork Quality System (PQS) -System Jakości Wieprzowiny'),
                                                              ('48477c30-9837-41cf-947b-daaed339edd3', 0, 'Posiadane Certyfikaty', 'Marine Stewardship Council (MSC) Certyfikat Zrównoważonego Rybołówstwa'),
                                                              ('d6e809ac-e3e6-4589-829c-344fd3b81dc1', 0, 'Posiadane Certyfikaty', 'Bez glutenu, Znak Przekreślonego Kłosa (ESL)'),
                                                              ('2eeb2ec7-8ed0-4487-9a2f-0054f78f53f1', 0, 'Parametry bez składników', 'Bez glutenu'),
                                                              ('8fad24e3-0bec-4caa-b188-a082bb018edf', 0, 'Parametry bez składników', 'O bardzo niskiej zawartości glutenu'),
                                                              ('55e3c39a-8dd0-4136-a122-244de136b6ad', 0, 'Parametry bez składników', 'Niska wartość energetyczna'),
                                                              ('ed11c4e2-4a1f-493c-ac2d-6bb7b402bf48', 0, 'Parametry bez składników', 'Niska zawartość tłuszczu'),
                                                              ('bdb11eb0-e951-4920-a1aa-7565a61bcc6a', 0, 'Parametry bez składników', 'Nie zawiera tłuszczu'),
                                                              ('113de186-5147-4950-bca1-8b47bd65d8e6', 0, 'Parametry bez składników', 'Bez tłuszczów nasyconych'),
                                                              ('15d76a3b-b2c1-42dd-849d-f334ce5aa3a6', 0, 'Parametry bez składników', 'Niska zawartość cukrów'),
                                                              ('0fbf8430-3222-420c-b945-9db8697b0e32', 0, 'Parametry bez składników', 'Bez mleka krowiego i produktów pochodnych'),
                                                              ('79a37aa0-9781-4b14-a75b-3c0b034d49a5', 0, 'Parametry bez składników', 'Bez Beta Kazeiny A1'),
                                                              ('856e7f33-b0b9-4d36-9ff3-3fc98415e35f', 0, 'Parametry bez składników', 'O bardzo niskiej zawartości laktozy'),
                                                              ('2f97a003-55ad-468b-92d3-d20bd9c56850', 0, 'Parametry bez składników', 'Wegański (bez produktów zwierzęcych)'),
                                                              ('5c4459ca-ea26-4d23-a8e5-f8787e4e8243', 0, 'Parametry bez składników', 'Wegetariański'),
                                                              ('dfc36f03-1f43-43d5-ab6e-40a89f10c7e8', 0, 'Parametry bez składników', 'Bez soli'),
                                                              ('1a1adbb4-09b6-4b33-8e6f-9ac0ab976c6e', 0, 'Parametry bez składników', 'Niska zawartość sodu/soli'),
                                                              ('62c1d9ed-55c9-4a55-b62f-973954bbcb22', 0, 'Bez dodatków do żywności', 'bez przeciwutleniaczy'),
                                                              ('4fa8e585-6f24-446a-b0f9-8b96b882e3de', 0, 'Bez dodatków do żywności', 'bez emulgatorów i środków spulchniających'),
                                                              ('e51c4981-d526-4079-b30e-8a8d2cf52dd7', 0, 'Bez dodatków do żywności', 'bez wzmacniaczy smaku'),
                                                              ('b3cb906b-40dc-49c8-aa14-f09b663a066f', 0, 'Bez dodatków do żywności', 'bez substancji słodzących'),
                                                              ('541d91ee-545b-440f-b04c-9b5ccf5b7f01', 0, 'Bez dodatków do żywności', 'bez aromatów'),
                                                              ('6dc98e95-b016-4040-a43f-b053949c9c07', 0, 'Bez dodatków do żywności', 'bez konserwantów E'),
                                                              ('1f1c9946-b2e7-4973-8bde-204f944004ef', 0, 'Parametry bez składników', 'O niskiej zawartości węglowodanów');

INSERT INTO public.unit (id, version, name) VALUES
                                                ('5cb4dab8-1a8d-42d3-bc99-216c28df1297', 0, NULL),
                                                ('1f1a1959-43e7-4d14-ab02-a3631aec9967', 0, 'mcg'),
                                                ('a9069766-d492-410f-afe7-c11793bbeb5c', 0, 'kcal'),
                                                ('02df2e69-a615-4460-bb41-a917d5b8b20e', 0, 'j.m.'),
                                                ('54a850b7-ad94-4ffa-848e-49dd90789b8f', 0, 'g'),
                                                ('84b2319d-6332-419f-9288-3bd624e4a501', 0, 'szt.'),
                                                ('533da95b-c272-43be-b647-ca99e9bd8efe', 0, 'mg'),
                                                ('354b6d6f-91e0-48d3-ba18-6e5f4e996c49', 0, 'l'),
                                                ('a1f7dee2-d256-4495-afd5-b7bdb483a37f', 0, 'ml');

